<pandas.core.groupby.groupby.SeriesGroupBy object at 0x0000026571F0D208>,"Year
2006    7.125000
2007    7.133962
2008    6.784615
2009    6.960784
2010    6.826667
2011    6.838095
2012    6.925000
2013    6.812088
2014    6.837755
2015    6.602362
2016    6.436700
Name: Rating, dtype: float64"
